-- phpMyAdmin SQL Dump
-- version 5.1.1
-- https://www.phpmyadmin.net/
--
-- Host: 127.0.0.1
-- Generation Time: Apr 14, 2022 at 02:35 AM
-- Server version: 10.4.22-MariaDB
-- PHP Version: 8.1.2

SET SQL_MODE = "NO_AUTO_VALUE_ON_ZERO";
START TRANSACTION;
SET time_zone = "+00:00";


/*!40101 SET @OLD_CHARACTER_SET_CLIENT=@@CHARACTER_SET_CLIENT */;
/*!40101 SET @OLD_CHARACTER_SET_RESULTS=@@CHARACTER_SET_RESULTS */;
/*!40101 SET @OLD_COLLATION_CONNECTION=@@COLLATION_CONNECTION */;
/*!40101 SET NAMES utf8mb4 */;

--
-- Database: `g02s39jasdb`
--

--
-- Dumping data for table `appointment`
--

INSERT INTO `appointment` (`appId`, `custId`, `branchId`, `custIC`, `branchName`, `appDate`, `appTime`, `approval`, `staffName`) VALUES
('0183928472810183928472810192837291', '0183928472810192837291', '232440194827482', '018392847281', 'JPN KL', '2022-04-24', '1000', 0, ''),
('01928273726019282737260192837283', '019282737260192837283', '432000193827483', '01928273726', 'JPN SELANGOR', '2022-04-27', '1500', 0, ''),
('0193827583720193827583720128173829', '0193827583720128173829', '432000193827483', '019382758372', 'JPN SELANGOR', '2022-04-22', '1400', 0, ''),
('0210193827460210193827460193472938', '0210193827460193472938', '232440194827482', '021019382746', 'JPN KL', '2022-07-07', '1700', 1, 'Ahmad'),
('0374852647290374852647290183726362', '0374852647290183726362', '432000193827483', '037485264729', 'JPN SELANGOR', '2022-04-28', '1500', 0, ''),
('0482738293830482738293830183728492', '0482738293830183728492', '428200123427654', '048273829383', 'JPN PERAK', '2022-04-21', '1300', 0, ''),
('0482849193910482849193910192382232', '0482849193910192382232', '493950173829483', '048284919391', 'JPN PUTRAJAYA', '2022-04-14', '1500', 1, 'Harraz'),
('0482928477260482928477260194839483', '0482928477260194839483', '428200123427654', '048292847726', 'JPN PERAK', '2022-04-21', '1500', 0, ''),
('0498798987050498798987050128473628', '0498798987050128473628', '939180193857262', '049879898705', 'JPN JOHOR BAHRU', '2022-04-27', '1500', 1, 'Harraz'),
('0847328282830847328282830185838493', '0847328282830185838493', '493950173829483', '084732828283', 'JPN PUTRAJAYA', '2022-04-14', '1400', 1, 'Harraz'),
('1191817161511191817161512928473621', '1191817161512928473621', '9483801929348234', '119181716151', 'JPN KEDAH', '2022-04-29', '1300', 0, ''),
('19382749338219382749338282930128392', '19382749338282930128392', '428200123427654', '193827493382', 'JPN PERAK', '2022-10-14', '1400', 0, '');

--
-- Dumping data for table `branch`
--

INSERT INTO `branch` (`branchId`, `branchName`, `address1`, `address2`, `postcode`, `district`, `state`, `email`, `phoneNumber`) VALUES
('232440194827482', 'JPN KL', 'JALAN AMPANG', 'BATU CAVES', '23244', 'AMPANG', 'Wilayah Persekutuan', 'jpnkl@jas.my', '0194827482'),
('428200123427654', 'JPN PERAK', 'PERAK ', 'BURUNG MERAK', '42820', 'EMAS', 'Perak', 'jpnperak@jpn.my', '0123427654'),
('432000193827483', 'JPN SELANGOR', 'SELANGOR, HULU LANGAT', 'CHERAS SELATAN', '43123', 'CHERAS', 'Selangor', 'jpnsel@jas.my', '0193827483'),
('493950173829483', 'JPN PUTRAJAYA', 'PUTRAJAYA', 'TAMAN MAHSURI', '49395', 'JAYA VALLEY', 'Wilayah Persekutuan', 'jpnputra@jas.my', '0173829483'),
('939180193857262', 'JPN JOHOR BAHRU', 'JOHOR BAHRU', 'JOHOR', '93918', 'JOHOR', 'Johor', 'jpnjohor@jas.my', '0193857262'),
('9483801929348234', 'JPN KEDAH', 'KEHILIR KEHULU', 'kebukit ketanjung', '94838', 'keruh', 'Kedah', 'uuweu@nfueufe', '0163637283');

--
-- Dumping data for table `customer`
--

INSERT INTO `customer` (`custId`, `name`, `ic`, `email`, `phoneNum`) VALUES
('0183928472810192837291', 'COLONEL KENTUCKY', '018392847281', 'kfcfriedchicken@food.us', '0192837291'),
('019282737260192837283', 'SOLEIL OF ASTORA', '01928273726', 'johndarksouls@ds1.game', '0192837283'),
('0193827583720128173829', 'ISMAIL PAK ABU', '019382758372', 'ismailpenjualkeropok@sedap.my', '0128173829'),
('0210193827460193472938', 'Satone Shichimiya', '021019382746', 'saturnVii@chu2byo.koi', '0193472938'),
('0374852647290183726362', 'BIL PAGAR', '037485264729', 'billgates@ms.dos', '0183726362'),
('0482738293830183728492', 'THOMAS', '048273829383', 'thomasthetankengine@cppy.uk', '0183728492'),
('0482849193910192382232', 'Alphanaught', '048284919391', 'notalpha@const.beta', '0192382232'),
('0482928477260194839483', 'BJARNE STROUTUP', '048292847726', 'cplusplus@dev.us', '0194839483'),
('0498798987050128473628', 'LEE CHONG WEI', '049879898705', 'leechongwei@jas.my', '0128473628'),
('0847328282830185838493', 'JOJO', '084732828283', 'isthatajojoreference@jojo.co', '0185838493'),
('1191817161512928473621', 'PROXIMA CENTAURI', '119181716151', 'closestlight@astro.uv', '2928473621'),
('19382749338282930128392', 'KEPLER', '193827493382', 'thesecondsun@astro.uv', '8293012839');

--
-- Dumping data for table `user`
--

INSERT INTO `user` (`username`, `password`) VALUES
('Admin', 'admin123'),
('staff', 'staff123');
COMMIT;

/*!40101 SET CHARACTER_SET_CLIENT=@OLD_CHARACTER_SET_CLIENT */;
/*!40101 SET CHARACTER_SET_RESULTS=@OLD_CHARACTER_SET_RESULTS */;
/*!40101 SET COLLATION_CONNECTION=@OLD_COLLATION_CONNECTION */;
